{
  "periods": [
    0.16335449767721652,
    0.1443662160941731,
    0.1368685916916877,
    0.06204598274176806
  ],
  "mode shape": [
    [
      0.007898901227052738,
      0.19377208530397394
    ],
    [
      0.7149090045678057,
      2.253180626275706
    ],
    [
      0.8451177185745748,
      3.461852484165058
    ],
    [
      -0.03143792633864849,
      -0.047632028677974204
    ]
  ]
}