{
  "X": {
    "Peak Strength": 0.6533888985484748,
    "Drift Peak Strength": 0.00500079,
    "Critical Points": [
      [
        0.000153728,
        0.000307456,
        0.000461184,
        0.000614913,
        0.000927538,
        0.00129894,
        0.00175335,
        0.00237788,
        0.0030113,
        0.00500079,
        0.0316317,
        0.0201241,
        0.0130703,
        0.0119525,
        0.0107952,
        0.0096379,
        0.00848053,
        0.00732315
      ],
      [
        0.06498775378405651,
        0.12997578591942874,
        0.19496344671272223,
        0.2599511064193123,
        0.3273621594349142,
        0.39152042381432894,
        0.45735802685709853,
        0.5230819514088334,
        0.588099964294031,
        0.6533888985484748,
        0.06533228285337267,
        0.1306795156407669,
        0.19611894745012814,
        0.26146942482341073,
        0.32680846076224485,
        0.3921298455328728,
        0.45738355972987665,
        0.5226368392455174
      ]
    ],
    "Area": 0.0024037909451989025
  },
  "Z": {
    "Peak Strength": 0.48596970891873026,
    "Drift Peak Strength": 0.00501855,
    "Critical Points": [
      [
        0.000160486,
        0.000320973,
        0.000489484,
        0.00064997,
        0.000954381,
        0.00136667,
        0.00182943,
        0.0023802,
        0.00301767,
        0.00501855,
        0.0240021,
        0.0155131,
        0.0126766,
        0.0116171,
        0.0105187,
        0.00942018,
        0.00832168,
        0.0072231
      ],
      [
        0.04800204874641,
        0.09600409718233331,
        0.14640608538383917,
        0.19440813350927577,
        0.24255315221609877,
        0.29162525032989217,
        0.34042429558332693,
        0.3886319428704495,
        0.43712621439105803,
        0.48596970891873026,
        0.04861187611581155,
        0.09718068772801366,
        0.14581592796708848,
        0.19441799270356283,
        0.243031545447489,
        0.2916450671427463,
        0.3402558565551502,
        0.3888256617247536
      ]
    ],
    "Area": 0.0017852473537177307
  }
}